{
    "avg_net_qoe": 36.605847658688866, 
    "avg_quality_score": 61.30072840790843, 
    "avg_rebuf_penalty": -13.836400000000001, 
    "avg_smoothness_penalty": -10.858480749219561
}