{
    "avg_net_qoe": 64.36616774193548, 
    "avg_quality_score": 72.75598335067637, 
    "avg_rebuf_penalty": -0.0048, 
    "avg_smoothness_penalty": -8.385015608740893
}