{
    "avg_download_rate": 3139.2034028299945, 
    "avg_net_qoe": 73.86548803329865, 
    "avg_quality_score": 79.20915712799169, 
    "avg_rebuf_penalty": -0.006, 
    "avg_smoothness_penalty": -5.3376690946930285
}