{
    "avg_download_rate": 409.95176036954484, 
    "avg_net_qoe": 7.128935275754422, 
    "avg_quality_score": 10.02913631633715, 
    "avg_rebuf_penalty": -0.0412, 
    "avg_smoothness_penalty": -2.859001040582726
}