{
    "avg_download_rate": 1165.6105133423086, 
    "avg_net_qoe": 21.326229968782524, 
    "avg_quality_score": 27.714880332986482, 
    "avg_rebuf_penalty": -0.013000000000000001, 
    "avg_smoothness_penalty": -6.375650364203954
}