{
    "avg_download_rate": 3510.8902124981964, 
    "avg_net_qoe": 65.3463372528616, 
    "avg_quality_score": 77.5, 
    "avg_rebuf_penalty": -0.005900000000000001, 
    "avg_smoothness_penalty": -12.1477627471384
}