{
    "avg_download_rate": 2841.6691855786626, 
    "avg_net_qoe": 56.49043766909469, 
    "avg_quality_score": 63.957336108220595, 
    "avg_rebuf_penalty": -0.0054, 
    "avg_smoothness_penalty": -7.46149843912591
}