{
    "avg_download_rate": 425.7438062819737, 
    "avg_net_qoe": 7.922518730489075, 
    "avg_quality_score": 10.449531737773155, 
    "avg_rebuf_penalty": -0.0395, 
    "avg_smoothness_penalty": -2.4875130072840794
}