{
    "avg_download_rate": 1211.9759223853337, 
    "avg_net_qoe": -2.302793548387105, 
    "avg_quality_score": 27.09417273673257, 
    "avg_rebuf_penalty": -10.028600000000008, 
    "avg_smoothness_penalty": -19.36836628511967
}