{
    "avg_download_rate": 3010.9631004721186, 
    "avg_net_qoe": 66.85528220603538, 
    "avg_quality_score": 74.58688865764829, 
    "avg_rebuf_penalty": -0.0058000000000000005, 
    "avg_smoothness_penalty": -7.725806451612904
}