{
    "avg_download_rate": 1863.8872220346002, 
    "avg_net_qoe": 31.77760083246618, 
    "avg_quality_score": 44.91207075962539, 
    "avg_rebuf_penalty": -0.0096, 
    "avg_smoothness_penalty": -13.124869927159208
}