{
    "avg_download_rate": 1842.0290111296229, 
    "avg_net_qoe": 36.96282455775235, 
    "avg_quality_score": 43.70707596253903, 
    "avg_rebuf_penalty": -0.0096, 
    "avg_smoothness_penalty": -6.734651404786681
}