{
    "avg_net_qoe": 23.27218928199792, 
    "avg_quality_score": 30.455254942767954, 
    "avg_rebuf_penalty": -0.0301, 
    "avg_smoothness_penalty": -7.152965660770032
}