{
    "avg_download_rate": 1798.7613806400286, 
    "avg_net_qoe": 33.90873600416233, 
    "avg_quality_score": 44.46201873048907, 
    "avg_rebuf_penalty": -0.0127, 
    "avg_smoothness_penalty": -10.540582726326743
}