{
    "avg_download_rate": 1176.4803979740575, 
    "avg_net_qoe": 7.540249427679499, 
    "avg_quality_score": 30.586368366285125, 
    "avg_rebuf_penalty": -0.0123, 
    "avg_smoothness_penalty": -23.033818938605624
}