{
    "avg_net_qoe": 51.74472830385016, 
    "avg_quality_score": 58.977627471383975, 
    "avg_rebuf_penalty": -0.020100000000000003, 
    "avg_smoothness_penalty": -7.212799167533818
}