{
    "avg_download_rate": 2387.1264935885024, 
    "avg_net_qoe": 47.565020499479715, 
    "avg_quality_score": 55.487513007284086, 
    "avg_rebuf_penalty": -0.0073, 
    "avg_smoothness_penalty": -7.91519250780437
}