{
    "avg_download_rate": 2986.635002967402, 
    "avg_net_qoe": 54.16693673257023, 
    "avg_quality_score": 74.369406867846, 
    "avg_rebuf_penalty": -0.0058000000000000005, 
    "avg_smoothness_penalty": -20.196670135275753
}