{
    "avg_download_rate": 1023.4707208182367, 
    "avg_net_qoe": 18.59128584807492, 
    "avg_quality_score": 24.933922996878255, 
    "avg_rebuf_penalty": -0.0263, 
    "avg_smoothness_penalty": -6.31633714880333
}