{
    "avg_net_qoe": 11.830967117585839, 
    "avg_quality_score": 43.049947970863684, 
    "avg_rebuf_penalty": -17.824600000000004, 
    "avg_smoothness_penalty": -13.394380853277834
}