{
    "avg_download_rate": 1065.3573607038836, 
    "avg_net_qoe": 17.424591155046826, 
    "avg_quality_score": 26.182101977107177, 
    "avg_rebuf_penalty": -0.0239, 
    "avg_smoothness_penalty": -8.733610822060355
}