{
    "avg_download_rate": 3533.254959634036, 
    "avg_net_qoe": 77.204297710718, 
    "avg_quality_score": 81.13527575442248, 
    "avg_rebuf_penalty": -0.005900000000000001, 
    "avg_smoothness_penalty": -3.9250780437044743
}