{
    "avg_download_rate": 1191.7571502165695, 
    "avg_net_qoe": 5.133201873048907, 
    "avg_quality_score": 28.24869927159209, 
    "avg_rebuf_penalty": -0.013000000000000001, 
    "avg_smoothness_penalty": -23.102497398543182
}