{
    "avg_download_rate": 2923.4264207068245, 
    "avg_net_qoe": 64.3677691987513, 
    "avg_quality_score": 72.57700312174818, 
    "avg_rebuf_penalty": -0.0058000000000000005, 
    "avg_smoothness_penalty": -8.203433922996878
}