{
    "avg_download_rate": 1876.7070710248433, 
    "avg_net_qoe": 35.68605130072841, 
    "avg_quality_score": 42.82570239334028, 
    "avg_rebuf_penalty": -0.0127, 
    "avg_smoothness_penalty": -7.126951092611863
}