{
    "avg_download_rate": 2351.8362180975837, 
    "avg_net_qoe": 20.264292091571278, 
    "avg_quality_score": 55.98335067637878, 
    "avg_rebuf_penalty": -0.0073, 
    "avg_smoothness_penalty": -35.71175858480749
}