{
    "avg_net_qoe": 27.719727055150884, 
    "avg_quality_score": 37.699791883454736, 
    "avg_rebuf_penalty": -2.1143000000000005, 
    "avg_smoothness_penalty": -7.865764828303851
}