{
    "avg_download_rate": 926.6891605717395, 
    "avg_net_qoe": 1.79178189386056, 
    "avg_quality_score": 24.292403746097815, 
    "avg_rebuf_penalty": -2.9616000000000016, 
    "avg_smoothness_penalty": -19.539021852237255
}