{
    "avg_download_rate": 1848.3567163420673, 
    "avg_net_qoe": 31.47687242455775, 
    "avg_quality_score": 43.822060353798136, 
    "avg_rebuf_penalty": -0.0096, 
    "avg_smoothness_penalty": -12.335587929240374
}