{
    "avg_download_rate": 1161.247290325557, 
    "avg_net_qoe": 21.09886264308013, 
    "avg_quality_score": 27.860041623309062, 
    "avg_rebuf_penalty": -0.013000000000000001, 
    "avg_smoothness_penalty": -6.748178980228928
}