{
    "avg_download_rate": 1849.8128100885017, 
    "avg_net_qoe": 24.806835691987516, 
    "avg_quality_score": 39.9786680541103, 
    "avg_rebuf_penalty": -0.006900000000000001, 
    "avg_smoothness_penalty": -15.164932362122789
}