{
    "avg_net_qoe": 38.35302133194589, 
    "avg_quality_score": 49.45057232049947, 
    "avg_rebuf_penalty": -0.006500000000000001, 
    "avg_smoothness_penalty": -11.091050988553588
}