{
    "avg_download_rate": 2920.454051320664, 
    "avg_net_qoe": 43.87505327783558, 
    "avg_quality_score": 66.44588969823101, 
    "avg_rebuf_penalty": -0.0058000000000000005, 
    "avg_smoothness_penalty": -22.565036420395423
}