{
    "avg_download_rate": 1238.73733458505, 
    "avg_net_qoe": 21.53400593132154, 
    "avg_quality_score": 28.89958376690947, 
    "avg_rebuf_penalty": -0.0123, 
    "avg_smoothness_penalty": -7.353277835587929
}