{
    "avg_net_qoe": 76.04711758584807, 
    "avg_quality_score": 81.20967741935483, 
    "avg_rebuf_penalty": -0.02, 
    "avg_smoothness_penalty": -5.1425598335067635
}