{
    "avg_download_rate": 3140.849233622178, 
    "avg_net_qoe": 73.05539438085329, 
    "avg_quality_score": 77.92039542143601, 
    "avg_rebuf_penalty": -0.006, 
    "avg_smoothness_penalty": -4.859001040582727
}