{
    "avg_download_rate": 1022.9286944758362, 
    "avg_net_qoe": 18.735926847034342, 
    "avg_quality_score": 24.561914672216446, 
    "avg_rebuf_penalty": -0.0263, 
    "avg_smoothness_penalty": -5.799687825182101
}