{
    "avg_net_qoe": -16.80494765868887, 
    "avg_quality_score": 21.573361082206038, 
    "avg_rebuf_penalty": -28.362700000000004, 
    "avg_smoothness_penalty": -10.015608740894901
}