{
    "avg_download_rate": 407.9635829435267, 
    "avg_net_qoe": 5.712181893860563, 
    "avg_quality_score": 10.073361082206036, 
    "avg_rebuf_penalty": -0.0412, 
    "avg_smoothness_penalty": -4.3199791883454735
}