{
    "avg_download_rate": 2833.1490341397985, 
    "avg_net_qoe": 57.412393964620186, 
    "avg_quality_score": 67.4021852237253, 
    "avg_rebuf_penalty": -0.0054, 
    "avg_smoothness_penalty": -9.9843912591051
}