{
    "avg_download_rate": 932.3727936780829, 
    "avg_net_qoe": 17.82843433922997, 
    "avg_quality_score": 22.50988553590011, 
    "avg_rebuf_penalty": -0.0186, 
    "avg_smoothness_penalty": -4.662851196670135
}