{
    "avg_net_qoe": 63.70799771071801, 
    "avg_quality_score": 71.93704474505722, 
    "avg_rebuf_penalty": -0.0021999999999999997, 
    "avg_smoothness_penalty": -8.22684703433923
}