{
    "avg_download_rate": 425.9905869031491, 
    "avg_net_qoe": 8.183704994797086, 
    "avg_quality_score": 9.834547346514048, 
    "avg_rebuf_penalty": -0.0395, 
    "avg_smoothness_penalty": -1.6113423517169616
}