{
    "avg_net_qoe": 15.886577419354834, 
    "avg_quality_score": 24.751300728407912, 
    "avg_rebuf_penalty": -1.3231000000000026, 
    "avg_smoothness_penalty": -7.541623309053069
}