{
    "avg_download_rate": 1073.6448932543778, 
    "avg_net_qoe": 20.282551612903227, 
    "avg_quality_score": 26.159729448491156, 
    "avg_rebuf_penalty": -0.0239, 
    "avg_smoothness_penalty": -5.853277835587929
}