{
    "avg_download_rate": 3502.716507568733, 
    "avg_net_qoe": 76.83905317377732, 
    "avg_quality_score": 81.92507804370447, 
    "avg_rebuf_penalty": -0.005900000000000001, 
    "avg_smoothness_penalty": -5.080124869927158
}