{
    "avg_download_rate": 423.8760893702983, 
    "avg_net_qoe": 5.637693028095734, 
    "avg_quality_score": 10.743496357960458, 
    "avg_rebuf_penalty": -0.4570000000000009, 
    "avg_smoothness_penalty": -4.648803329864723
}