{
    "avg_download_rate": 3074.939864356961, 
    "avg_net_qoe": 62.07516545265349, 
    "avg_quality_score": 78.32362122788761, 
    "avg_rebuf_penalty": -0.006, 
    "avg_smoothness_penalty": -16.24245577523413
}