{
    "avg_download_rate": 1792.9196155376326, 
    "avg_net_qoe": 19.2131064516129, 
    "avg_quality_score": 47.136836628511965, 
    "avg_rebuf_penalty": -0.0127, 
    "avg_smoothness_penalty": -27.91103017689906
}