{
    "avg_download_rate": 2816.161052382946, 
    "avg_net_qoe": 43.917596878251814, 
    "avg_quality_score": 66.48074921956295, 
    "avg_rebuf_penalty": -0.0054, 
    "avg_smoothness_penalty": -22.557752341311133
}