{
    "avg_download_rate": 411.9329531870802, 
    "avg_net_qoe": 3.9359347554630597, 
    "avg_quality_score": 10.321540062434964, 
    "avg_rebuf_penalty": -1.0547000000000002, 
    "avg_smoothness_penalty": -5.330905306971905
}