{
    "avg_download_rate": 1231.84855215608, 
    "avg_net_qoe": 19.665119354838716, 
    "avg_quality_score": 28.82310093652446, 
    "avg_rebuf_penalty": -0.0123, 
    "avg_smoothness_penalty": -9.145681581685745
}