{
    "avg_download_rate": 928.161396246245, 
    "avg_net_qoe": 15.721254318418314, 
    "avg_quality_score": 22.348595213319463, 
    "avg_rebuf_penalty": -0.0186, 
    "avg_smoothness_penalty": -6.608740894901144
}