{
    "avg_net_qoe": 66.48785078043704, 
    "avg_quality_score": 71.96670135275754, 
    "avg_rebuf_penalty": -0.031400000000000004, 
    "avg_smoothness_penalty": -5.447450572320499
}