{
    "avg_download_rate": 1080.6120700103122, 
    "avg_net_qoe": 21.23364422476587, 
    "avg_quality_score": 26.870447450572325, 
    "avg_rebuf_penalty": -0.0239, 
    "avg_smoothness_penalty": -5.61290322580645
}