{
    "avg_download_rate": 2372.8354146830047, 
    "avg_net_qoe": 49.43754911550469, 
    "avg_quality_score": 58.83558792924038, 
    "avg_rebuf_penalty": -0.0073, 
    "avg_smoothness_penalty": -9.390738813735691
}