{
    "avg_download_rate": 1023.367698574036, 
    "avg_net_qoe": 16.657362851196673, 
    "avg_quality_score": 25.17221644120708, 
    "avg_rebuf_penalty": -0.0263, 
    "avg_smoothness_penalty": -8.488553590010405
}