{
    "avg_net_qoe": 15.675054526534861, 
    "avg_quality_score": 24.946409989594176, 
    "avg_rebuf_penalty": -2.636599999999997, 
    "avg_smoothness_penalty": -6.634755463059312
}