{
    "avg_net_qoe": -5.434780541103021, 
    "avg_quality_score": 21.3735691987513, 
    "avg_rebuf_penalty": -18.148100000000003, 
    "avg_smoothness_penalty": -8.660249739854319
}