{
    "avg_net_qoe": 17.510877731529657, 
    "avg_quality_score": 34.91727367325703, 
    "avg_rebuf_penalty": -5.806500000000002, 
    "avg_smoothness_penalty": -11.599895941727366
}