{
    "avg_net_qoe": 71.36905764828305, 
    "avg_quality_score": 77.54786680541103, 
    "avg_rebuf_penalty": -0.0196, 
    "avg_smoothness_penalty": -6.159209157127991
}