{
    "avg_net_qoe": 34.72756711758584, 
    "avg_quality_score": 57.10353798126951, 
    "avg_rebuf_penalty": -8.928000000000003, 
    "avg_smoothness_penalty": -13.447970863683663
}