{
    "avg_download_rate": 2964.4006919681165, 
    "avg_net_qoe": 68.57744661810614, 
    "avg_quality_score": 75.52289281997919, 
    "avg_rebuf_penalty": -0.0058000000000000005, 
    "avg_smoothness_penalty": -6.93964620187305
}