{
    "avg_net_qoe": 37.5117087408949, 
    "avg_quality_score": 47.373569198751305, 
    "avg_rebuf_penalty": -0.0039000000000000003, 
    "avg_smoothness_penalty": -9.8579604578564
}