{
    "avg_download_rate": 1842.5216549056952, 
    "avg_net_qoe": 31.800592195629555, 
    "avg_quality_score": 40.26951092611863, 
    "avg_rebuf_penalty": -0.006900000000000001, 
    "avg_smoothness_penalty": -8.462018730489074
}