{
    "avg_download_rate": 2901.9182070084844, 
    "avg_net_qoe": 67.36776919875132, 
    "avg_quality_score": 73.17950052029137, 
    "avg_rebuf_penalty": -0.0058000000000000005, 
    "avg_smoothness_penalty": -5.805931321540061
}