{
    "avg_download_rate": 1867.7784092772083, 
    "avg_net_qoe": 25.282381997918836, 
    "avg_quality_score": 40.22892819979189, 
    "avg_rebuf_penalty": -0.006900000000000001, 
    "avg_smoothness_penalty": -14.93964620187305
}